id,name,read,pattern,sequence,feature_type
CD3,CD3,R2,5P(BC),CTCATTGTAACTCCT,Antibody Capture
CD4,CD4,R2,5P(BC),TGTTCCCGCTCAACT,Antibody Capture
CD8A,CD8A,R2,5P(BC),GCTGCGCTTTCCATT,Antibody Capture
CD79B,CD79B,R2,5P(BC),ATTCTTCAACCGAAG,Antibody Capture
CD14,CD14,R2,5P(BC),TCTCAGACCTCCGTA,Antibody Capture
CD16,CD16,R2,5P(BC),AAGTTCACTCTTTGC,Antibody Capture
CD56,CD56,R2,5P(BC),TCCTTTCCTGATAGG,Antibody Capture
CD19,CD19,R2,5P(BC),CTGGGCAATTACTCG,Antibody Capture
CD20,CD20,R2,5P(BC),TTCTGGGTCCCTAGA,Antibody Capture
CD11C,CD11C,R2,5P(BC),TACGCCTATAACTTG,Antibody Capture
CD28,CD28,R2,5P(BC),ATTCTGTCTTTCCCA,Antibody Capture
CD45RA,CD45RA,R2,5P(BC),TCAATCCTTCCGCTT,Antibody Capture
CD45RO,CD45RO,R2,5P(BC),CTCCGAATCATGTTG,Antibody Capture
Baseline,Baseline,R2,5P(BC),GTCAACTCTTTAGCG,Antibody Capture
Anti_CD3_CD28,Anti_CD3_CD28,R2,5P(BC),TTCCGCCTCTCTTTG,Antibody Capture
LPS,LPS,R2,5P(BC),AGTAAGTTCAGCGTA,Antibody Capture
